{"cameraMode":{"drawMode":0,"name":"Shaded","section":"Shading Mode"},"sceneLighting":false,"audioPlay":false,"sceneViewState":{"showFog":true,"showMaterialUpdate":true,"showSkybox":true,"showFlares":true,"showImageEffects":true,"showParticleSystems":true},"in2DMode":false,"pivot":{"x":74.24175262451172,"y":-120.49856567382813,"z":-12.855709075927735},"rotation":{"x":0.3108953535556793,"y":0.6877847909927368,"z":-0.4373697340488434,"w":0.48892974853515627},"size":161.2715606689453,"orthographic":false}