{"cameraMode":{"drawMode":0,"name":"Shaded","section":"Shading Mode"},"sceneLighting":false,"audioPlay":false,"sceneViewState":{"showFog":true,"showMaterialUpdate":true,"showSkybox":true,"showFlares":true,"showImageEffects":true,"showParticleSystems":true},"in2DMode":false,"pivot":{"x":24.623598098754884,"y":2.0007266998291017,"z":-3.624675989151001},"rotation":{"x":0.1541113257408142,"y":0.6509336829185486,"z":-0.13730919361114503,"w":0.7305692434310913},"size":40.010372161865237,"orthographic":false}